{
    "1": {
        "Recall@20": 0.08397710658313155,
        "Recall@50": 0.202744824057721,
        "NDCG@100": 0.1602924134135818,
        "Diversity@10": 0.9081652246520653,
        "Novelty@10": 0.3579557587269355,
        "APL@10": 0.773882207832254,
        "Precision@20": 0.06350601464509964,
        "Precision@50": 0.06261486560106277,
        "MAE": 0.007274601412007779,
        "MSE": 0.007274601412007779,
        "RMSE": 0.08438944028505084
    },
    "5": {
        "Recall@20": 0.2122649168112175,
        "Recall@50": 0.3118490955718786,
        "NDCG@100": 0.316726584736572,
        "Diversity@10": 0.7703769082217409,
        "Novelty@10": 0.2622930425926322,
        "APL@10": 0.5006167129201357,
        "Precision@20": 0.16000618040561676,
        "Precision@50": 0.09607770293951035,
        "MAE": 0.007583226198145351,
        "MSE": 0.0031229877193163264,
        "RMSE": 0.05539478710557212
    },
    "20": {
        "Recall@20": 0.24465219274627775,
        "Recall@50": 0.3611328325203253,
        "NDCG@100": 0.3822834530723183,
        "Diversity@10": 0.7227137867339908,
        "Novelty@10": 0.23556081274522525,
        "APL@10": 0.3952821461609621,
        "Precision@20": 0.1839500367641449,
        "Precision@50": 0.11102065443992615,
        "MAE": 0.00787546723472589,
        "MSE": 0.0023017832230770438,
        "RMSE": 0.04747560555191113
    },
    "30": {
        "Recall@20": 0.2453218914992857,
        "Recall@50": 0.3663489282506123,
        "NDCG@100": 0.3877351689950766,
        "Diversity@10": 0.7131025250150757,
        "Novelty@10": 0.22978838887187988,
        "APL@10": 0.3716312056737589,
        "Precision@20": 0.1847209334373474,
        "Precision@50": 0.11277829110622406,
        "MAE": 0.007961001984280196,
        "MSE": 0.002193341023463745,
        "RMSE": 0.04638010003179575
    },
    "50": {
        "Recall@20": 0.244630992461447,
        "Recall@50": 0.3686686954664509,
        "NDCG@100": 0.3900329082977593,
        "Diversity@10": 0.7040099271314686,
        "Novelty@10": 0.22310020990330032,
        "APL@10": 0.34276904101140915,
        "Precision@20": 0.1844434291124344,
        "Precision@50": 0.11356768012046814,
        "MAE": 0.008062795808510895,
        "MSE": 0.0020896012724246626,
        "RMSE": 0.04534117775001195
    },
    "70": {
        "Recall@20": 0.24323679645846516,
        "Recall@50": 0.3669910806291882,
        "NDCG@100": 0.3893692163827885,
        "Diversity@10": 0.6985035805250244,
        "Novelty@10": 0.21892063413038598,
        "APL@10": 0.32710453283996305,
        "Precision@20": 0.1834104210138321,
        "Precision@50": 0.11298796534538269,
        "MAE": 0.008131127674407936,
        "MSE": 0.0020382465468294603,
        "RMSE": 0.04481936347988405
    },
    "100": {
        "Recall@20": 0.24087138631466784,
        "Recall@50": 0.3643777440025288,
        "NDCG@100": 0.3871625868299076,
        "Diversity@10": 0.6938768299311123,
        "Novelty@10": 0.21437827237404405,
        "APL@10": 0.3096207215541166,
        "Precision@20": 0.18179155886173248,
        "Precision@50": 0.11229109019041061,
        "MAE": 0.00820241577783154,
        "MSE": 0.001994538529030189,
        "RMSE": 0.0443673421893372
    },
    "200": {
        "Recall@20": 0.23394925954980283,
        "Recall@50": 0.3570374354767245,
        "NDCG@100": 0.3805114556703287,
        "Diversity@10": 0.6867844325019665,
        "Novelty@10": 0.2051930568069727,
        "APL@10": 0.2734196731421523,
        "Precision@20": 0.17659573256969452,
        "Precision@50": 0.11008942127227783,
        "MAE": 0.008342710314669531,
        "MSE": 0.001932079542298367,
        "RMSE": 0.043706246137609345
    },
    "300": {
        "Recall@20": 0.2286860467067849,
        "Recall@50": 0.351638286117593,
        "NDCG@100": 0.37563451717069335,
        "Diversity@10": 0.6827147165509996,
        "Novelty@10": 0.1989460624563463,
        "APL@10": 0.24822695035460993,
        "Precision@20": 0.17251001298427582,
        "Precision@50": 0.10846129804849625,
        "MAE": 0.008418537463826651,
        "MSE": 0.0019028614496629324,
        "RMSE": 0.04338899064819456
    },
    "500": {
        "Recall@20": 0.2213361321496705,
        "Recall@50": 0.3419451485651207,
        "NDCG@100": 0.367127205598539,
        "Diversity@10": 0.6787808488740557,
        "Novelty@10": 0.1902509917731603,
        "APL@10": 0.2129509713228492,
        "Precision@20": 0.16709837317466736,
        "Precision@50": 0.1055072471499443,
        "MAE": 0.008513113118293478,
        "MSE": 0.0018725766760502966,
        "RMSE": 0.04305413327232657
    },
    "1000": {
        "Recall@20": 0.20934289977956544,
        "Recall@50": 0.3271718282483289,
        "NDCG@100": 0.3503511057997329,
        "Diversity@10": 0.671252400073383,
        "Novelty@10": 0.1757635208898357,
        "APL@10": 0.15390070921985816,
        "Precision@20": 0.15797100961208344,
        "Precision@50": 0.10099906474351883,
        "MAE": 0.00863926784984135,
        "MSE": 0.001841563922821295,
        "RMSE": 0.042707315094318146
    },
    "5000": {
        "Recall@20": 0.16499660406800482,
        "Recall@50": 0.27268088982949684,
        "NDCG@100": 0.2908975723606651,
        "Diversity@10": 0.6342292785405177,
        "Novelty@10": 0.14536099052787615,
        "APL@10": 0.025655257477644158,
        "Precision@20": 0.12415972352027893,
        "Precision@50": 0.0840332955121994,
        "MAE": 0.008932986386279445,
        "MSE": 0.0018012808403690445,
        "RMSE": 0.04224768354155695
    }
}