{
    "1": {
        "Recall@20": 0.0011618058667717422,
        "Recall@50": 0.003935418847669871,
        "NDCG@100": 0.0037012382753298582,
        "Diversity@10": 0.9824182458808888,
        "Novelty@10": 0.5243929272158548,
        "APL@10": 1.0,
        "Precision@20": 0.0008788158884271979,
        "Precision@50": 0.0011902558617293835,
        "MAE": 0.0015406094902618648,
        "MSE": 0.0015406094902618648,
        "RMSE": 0.038923950125659745
    },
    "5": {
        "Recall@20": 0.19465427289828072,
        "Recall@50": 0.28550404128999113,
        "NDCG@100": 0.2901112558944626,
        "Diversity@10": 0.7813127798549179,
        "Novelty@10": 0.2673905143143243,
        "APL@10": 0.519981498612396,
        "Precision@20": 0.1464693248271942,
        "Precision@50": 0.0880049392580986,
        "MAE": 0.007669817590717851,
        "MSE": 0.0034353240762123173,
        "RMSE": 0.05811573419598674
    },
    "20": {
        "Recall@20": 0.2411291217233929,
        "Recall@50": 0.35752728150081287,
        "NDCG@100": 0.3784455873868348,
        "Diversity@10": 0.7228044020119312,
        "Novelty@10": 0.23525325263597674,
        "APL@10": 0.3938020351526364,
        "Precision@20": 0.18135984241962433,
        "Precision@50": 0.11000925302505493,
        "MAE": 0.007913404319577292,
        "MSE": 0.002324896563987795,
        "RMSE": 0.047712709603410015
    },
    "30": {
        "Recall@20": 0.24241107792583036,
        "Recall@50": 0.36358965184273645,
        "NDCG@100": 0.3854975140894462,
        "Diversity@10": 0.7136755961427818,
        "Novelty@10": 0.2294375653910359,
        "APL@10": 0.3702127659574468,
        "Precision@20": 0.1826087236404419,
        "Precision@50": 0.11189021915197372,
        "MAE": 0.007990124983782525,
        "MSE": 0.0022050331601667418,
        "RMSE": 0.046504107176882484
    },
    "50": {
        "Recall@20": 0.2439923955773645,
        "Recall@50": 0.3671833884111125,
        "NDCG@100": 0.38829600427802674,
        "Diversity@10": 0.703820753191048,
        "Novelty@10": 0.2225962434254898,
        "APL@10": 0.34101140918902256,
        "Precision@20": 0.18385754525661469,
        "Precision@50": 0.11310514807701111,
        "MAE": 0.008083364818785946,
        "MSE": 0.0020947007041265454,
        "RMSE": 0.04539815134731757
    },
    "70": {
        "Recall@20": 0.24277462516508466,
        "Recall@50": 0.3654656132492937,
        "NDCG@100": 0.3880103612696056,
        "Diversity@10": 0.6983123875915215,
        "Novelty@10": 0.21832870573151386,
        "APL@10": 0.32519272278754235,
        "Precision@20": 0.1830558180809021,
        "Precision@50": 0.11249460279941559,
        "MAE": 0.00814745777603387,
        "MSE": 0.0020413127443227293,
        "RMSE": 0.044854837074055194
    },
    "100": {
        "Recall@20": 0.24026328103356595,
        "Recall@50": 0.363033981392108,
        "NDCG@100": 0.38614493480093043,
        "Diversity@10": 0.693729618586528,
        "Novelty@10": 0.2140488270402958,
        "APL@10": 0.3080789392537774,
        "Precision@20": 0.181298166513443,
        "Precision@50": 0.11189638078212738,
        "MAE": 0.008215160647920485,
        "MSE": 0.001996401312455296,
        "RMSE": 0.04438958034902099
    },
    "200": {
        "Recall@20": 0.233068360499639,
        "Recall@50": 0.3562306225816879,
        "NDCG@100": 0.37996589486178317,
        "Diversity@10": 0.6865463098816021,
        "Novelty@10": 0.2048521855759294,
        "APL@10": 0.2716003700277521,
        "Precision@20": 0.1759173572063446,
        "Precision@50": 0.10983040183782578,
        "MAE": 0.00835057184302032,
        "MSE": 0.0019329557896788046,
        "RMSE": 0.04371708030870754
    },
    "300": {
        "Recall@20": 0.2282657416854411,
        "Recall@50": 0.3511852404295352,
        "NDCG@100": 0.37500249073894787,
        "Diversity@10": 0.6826171599841884,
        "Novelty@10": 0.19871484134499684,
        "APL@10": 0.2471477027443725,
        "Precision@20": 0.1722325086593628,
        "Precision@50": 0.10834413021802902,
        "MAE": 0.008424436979422295,
        "MSE": 0.0019034774314056835,
        "RMSE": 0.0433966834897208
    },
    "500": {
        "Recall@20": 0.22082534163217113,
        "Recall@50": 0.3417654228685845,
        "NDCG@100": 0.3666343523994187,
        "Diversity@10": 0.6785970207557579,
        "Novelty@10": 0.19006282478680342,
        "APL@10": 0.21230342275670674,
        "Precision@20": 0.1667129248380661,
        "Precision@50": 0.10543323308229446,
        "MAE": 0.008517234787368542,
        "MSE": 0.001873023661824407,
        "RMSE": 0.04305970481380959
    },
    "1000": {
        "Recall@20": 0.2090746187700547,
        "Recall@50": 0.32680664728790804,
        "NDCG@100": 0.3501228668779273,
        "Diversity@10": 0.6712869034559322,
        "Novelty@10": 0.17561190764107165,
        "APL@10": 0.15334566759173604,
        "Precision@20": 0.15772433578968048,
        "Precision@50": 0.10085723549127579,
        "MAE": 0.00864183373358863,
        "MSE": 0.0018418978866058917,
        "RMSE": 0.04271142781772215
    },
    "5000": {
        "Recall@20": 0.1649721736897354,
        "Recall@50": 0.27236742092349375,
        "NDCG@100": 0.29074057577339485,
        "Diversity@10": 0.6341734728187587,
        "Novelty@10": 0.1453168194399066,
        "APL@10": 0.025562750539623806,
        "Precision@20": 0.12414431571960449,
        "Precision@50": 0.08394079655408859,
        "MAE": 0.008933926945504836,
        "MSE": 0.0018014910226643133,
        "RMSE": 0.042250201426433785
    }
}